offer-sku,quantity,warehouse-code,update-delete
SGC12NT-LH,,,
CVC4NW,,,
GTRBX304MGR,,,
BYAS26,,,
CDHR12M,,,
CDBR10,,,
BYTR-4335GSII,,,
GTRBX605FMAM,,,
GTRBX604FMNS,,,
GPAC112JRM,,,
SPSRE373SET,,,
CHS5W,,,
U-BASS,,,
U-23-KOA-Q,,,
U-26-KOA,,,
GA-38-KOA,,,
U-21-BK,,,
U-23-TIERRA,,,
U-23-BK,,,
GA-38-ROCK&ROSES,,,
U-23-SOLIDCEDAR,,,
U-23-VIO-SB,,,
U-23-KOA,,,
U-21-LGN,,,
ANSIC600W,,,
ANSIC400W,,,
CDXR10MKII,,,
GPAC112JBL,,,
CHS7,,,
CDHR15,,,
ANSAW150W,,,
GPAC112JYNS,,,
CMG-16XU,,,
SPSRE273SET,,,
BYTR3335S,,,
U-23-AGUA,,,
U-23-BURNINGSUNRISE-S,,,
U-26-VIO-BK,,,
U-26-SAPELE-Q,,,
U-23-SUMMERVIBES-S,,,
GC-39-LBL,,,
U-23-FAIRY,,,
U-21-LOTUS,,,
U-26-SOLIDCEDAR,,,
U-23-BLOSSOM-SB,,,
U-21-JADE,,,
U-21-WAVE,,,
GUITARLELE,,,
IABEHBC1500,,,
RABEHPSUSB,,,
IABEH1202FX,,,
IAEVOEKX12P,,,
IAEVOEKX15SP,,,
IAEVOELX20012P,,,
IAEVOELX20018S,,,
JCS660A,,,
CHS8,,,
VABEHBB560M,,,
VABEHBH770,,,
VABEHHPX2000,,,
IABEHSX2442FX,,,
IABEHPM1,,,
IAEVOEKX15P,,,
IAEVOELX20010P,,,
3012W1HG,,,
3012FAW2HG,,,
3412B,,,
25K16BR,,,
GA-41-MAHOGANY,,,
3012FAGP,,,
3012FAR2HG,,,
U-21-LPK,,,
U-23-PRANA,,,
U-23-ROSES,,,
U-23-BLOSSOM-BL,,,
U-26-KOA-Q,,,
GC-36-WORLD,,,
U-23-ANDES-S,,,
U-23-BAMBOO-Q,,,
GC-39-PRO-SLIM-Q,,,
GA-34-INDI,,,
U-21-ORG,,,
U-23-FUEGO,,,
U-23-TRIBAL,,,
U-26-SAPELE,,,
GC-36-CARAMELL,,,
U-23-INDIE-S,,,
3412FAW,,,
U-23-SOULMANDALA-S,,,
U-23-LATIN-S,,,
GA-40-BK-Q,,,
U-23-BAMBOO,,,
U-21-GALACTICA,,,
U-23-VIO-BK,,,
U-23-AIRE,,,
U-23-LGN,,,
GC-39-STAGE-Q,,,
U-21-BOHO,,,
U-23-BAHIABRAVA,,,
U-26-BAMBOO-Q,,,
U-23-VINT-S,,,
GA-4021-NA-Q,,,
GC-39-NAT-Q-AR,,,
IABEHUMC404HD,,,
IABEHXR18,,,
U-23-SAPELE,,,
3012RP,,,
3012FAW,,,
IABEHXY1202SFX,,,
U-23-SAPELE-Q,,,
CMG-10XU,,,
GC-36-INDI,,,
VABEHHC2000,,,
GA-40-SB-Q-AR,,,
3012W,,,
IABEHKM1700,,,
IABEHF1220D,,,
CMG-06X/M,,,
22K8BSN,,,
KLES49MK3W,,,
IABEH1204USB,,,
MINIFUSE2B,,,
IABEHPK115A,,,
2330800000,,,
GA-40-NAT-Q-AR,,,
IABEHX1222USB,,,
KL61MK3W,,,
3012N2HG,,,
SGC12SB,,,
0970150021,,,
MINIFUSE1W,,,
2311100000,,,
GA-38-MAHO-Q,,,
3012FAZ,,,
CDXR12MKII,,,
GA-38-KOA-Q,,,
GEN-11SET,,,
SGC12BLSB,,,
SGG12NTA,,,
CMG-12XU,,,
SGC12RDSB,,,
IABEHDR115DSP,,,
3012FANP,,,
CMG-10,,,
3012FAV,,,
0971210506,,,
IABEHXENYX502S,,,
3012FABHG,,,
KLES61MK3B,,,
IABEHXR12,,,
0970150422,,,
3012N1HG,,,
3012FARP,,,
0970110206,,,
3412FNHG,,,
IABEHX2222USB,,,
2330714900,,,
3012FAB,,,
2313700000,,,
KEYSTEP,,,
CHS5,,,
2370100000,,,
IABEHPK112A,,,
IABEHX1204USB,,,
2330200000,,,
3012FAA,,,
3412FAWHG,,,
CDXS15MKII,,,
CVC6W,,,
IABEHPMP2000D,,,
U-30 SAPELE Q,,,
0970150022,,,
ANSAW390W,,,
ITCASCTS100,,,
IAEVOEVERSE8,,,
3012N3HG,,,
0970160506,,,
0971210706,,,
MICROLABMK3BK,,,
3012FAC,,,
0970213321,,,
IAEVOZLX12PG2,,,
3012FAR1HG,,,
SGC12BK,,,
3012FAN,,,
3012FAAP,,,
MINILAB3DB,,,
0970110421,,,
CN-10,,,
KLES61MK3,,,
MINIFRECPA,,,
U-21-KAILUA,,,
GA-4012-MAHOGANY-BK-Q,,,
0971910021,,,
IABEHB2PRO,,,
IABEHB115D,,,
SPSRE383SET,,,
U-23-ORG,,,
U-23-PATAGONIA-S,,,
SPSRE463SPA,,,
KLES88MK3W,,,
U-21-MAHOGANY,,,
GC-36-LOTUSMANDALA,,,
3012A,,,
3012FNHG,,,
MINILAB3,,,
SGG12BKA,,,
3412FAA,,,
CMG-20XU,,,
MINIFUSE4W,,,
IAEVOETX35P,,,
3012FRHG,,,
3412FAR,,,
IABEHXR16,,,
3012AHG,,,
U-21-CARAMELLE,,,
U-21-NEWHOPE,,,
3012Z,,,
CDXR15MKII,,,
GC-39-CORAL,,,
CPX5,,,
GA-4012-KOA-Q,,,
SGD20ECA,,,
2370400000,,,
GA-38-MAHO,,,
IAEVOELX20015P,,,
3012FAN1HG,,,
GAPX600BL,,,
CAG03MK2BLSPK,,,
3012AP,,,
2370500000,,,
U-21-RETRO,,,
GA-4012-BK-Q,,,
IABEHDR18SUB,,,
3412FAAHG,,,
CAG01B,,,
U-26-BAMBOO,,,
CDBR15,,,
MINIFUSE2W,,,
SGC12NT,,,
3412FAN,,,
CDZR12,,,
SGC12WH,,,
KEYSTEP37,,,
SGC12NTA,,,
KLES88MK3B,,,
SGC12WR,,,
3012FAG,,,
3012FAR,,,
U-21-AURORA,,,
MINILAB3BK,,,
GCX40/02,,,
SGC12BKA,,,
KL49MK3W,,,
KEYSTEP37B,,,
GC-39-NAT,,,
IABEHXM1800S,,,
VABEHBH470U,,,
MINIFREPAB,,,
MINIFUSE4B,,,
0971913021,,,
3012FAN2HG,,,
CDHR10,,,
2370600000,,,
GA-40-MAHOGANY-Q,,,
2311000000,,,
MINIFUSE1B,,,
KLES49MK3B,,,
GTRBX304W,,,
GC-39-KOA-SLIM-Q,,,
IABEHDR112DSP,,,
GC-39-BK,,,
0370121556,,,
IPMEIBCS141620,,,
VAHERSS200BB,,,
0266220571,,,
IPMEIPTOPCAJ4M,,,
0140552500,,,
0370451536,,,
1615,,,
2910136576,,,
ITCASSA51,,,
0378180583,,,
0370235523,,,
2270900000,,,
0970120032,,,
2817000561,,,
2807205552,,,
2910112552,,,
PH186R,,,
0990810176,,,
2919004520,,,
0378553506,,,
0970113022,,,
0378551502,,,
IPMEITBR06ABSRED,,,
7.50223E+12,,,
VAHERDS571BB,,,
0370240568,,,
2910124595,,,
0970110021,,,
NOVA 215,,,
ZED-10_2 FX,,,
3220049,,,
EXBT065,,,
2910231582,,,
RAHERMH100B,,,
0378503506,,,
2910124572,,,
IPHEAHB50BK,,,
PA700,,,
0373652503,,,
0378402594,,,
VAHERFS100B,,,
2519010547,,,
ICBLSFLYBASSPK,,,
55-468,,,
2270100000,,,
2910124568,,,
50-353,,,
PGA31-TQG,,,
2910147522,,,
0140542561,,,
2910121576,,,
SM58-LC,,,
0970713521,,,
MC-57,,,
0970110022,,,
44-KIT-CM INDIGO 60,,,
VAHERDS530BB,,,
IPMEIHCS18C,,,
7.50223E+12,,,
2330700000,,,
0140480551,,,
2076,,,
2918824585,,,
2517110597,,,
0970713502,,,
7.50223E+12,,,
EXBT078,,,
0140512545,,,
0378200505,,,
0110312850,,,
IANUXMG400,,,
0266840500,,,
SM35-TQG,,,
0378272500,,,
0378051505,,,
KTN-100 3,,,
0140482506,,,
55-161X3,,,
EXBT063,,,
GEA-439BK,,,
0374030550,,,
0973133542,,,
SP-18,,,
EXMT003,,,
0140510500,,,
0971610706,,,
2910147586,,,
1100468,,,
2311500000,,,
0266820560,,,
2314200000,,,
0140472518,,,
IPMEIMDST10BK,,,
2910135539,,,
IPHEAHB50UGY,,,
ORI212A,,,
IPGRTBH5510BK,,,
2910121552,,,
RADIMEP1101,,,
0970113021,,,
EXBT074,,,
0140510525,,,
IANUXMG101,,,
0378602500,,,
1605,,,
IPMEIBCS18C,,,
0378003502,,,
ISSCCDEMON7FRC,,,
0970153006,,,
EXBT024,,,
0971343064,,,
55-477,,,
0373902503,,,
2910134539,,,
0378002506,,,
0370350536,,,
2517110598,,,
7.50223E+12,,,
VAHERGS401BB,,,
EXBT073,,,
2311200000,,,
VAHERGS414BPLU,,,
ISSCCSTILSTE5,,,
0266040505,,,
GN15CE NAT,,,
0970253332,,,
0378213550,,,
0140510558,,,
2370300000,,,
2370900000,,,
IPMEITBR06ABSBLK,,,
JUNO-D8,,,
EK50CSA,,,
0373802580,,,
0970722521,,,
0266641500,,,
0971252021,,,
2915556568,,,
0266040500,,,
0370125504,,,
2918804592,,,
PLX-500 K,,,
2910147557,,,
2911122503,,,
IPGRTBH5512BK,,,
0378652505,,,
0973133506,,,
0140542518,,,
RAEVABD22EMAD2,,,
2919904520,,,
0374023506,,,
PR07029,,,
0374090557,,,
7.50223E+12,,,
IPMEIMTT1415BK,,,
IPMEIBCS16C,,,
2910238576,,,
2919004585,,,
VANUXNMP2,,,
0140552506,,,
2370200000,,,
0373162506,,,
0140530500,,,
0378671565,,,
0374520592,,,
0370461568,,,
2910127568,,,
IPMEICC16STK,,,
PR07642,,,
0119171733,,,
EXBT064,,,
0370230506,,,
2910224577,,,
EXBT079,,,
0970183021,,,
2910224568,,,
0990910021,,,
VAHERMS432B,,,
0970110232,,,
ORI412A,,,
0199101776,,,
2919924503,,,
0370127506,,,
0140472561,,,
VAMEITMCP,,,
EXBT062,,,
2418,,,
VAVICSIH2,,,
2913334568,,,
0140470500,,,
ISWASAG70CE,,,
0140540515,,,
2372000000,,,
7.50223E+12,,,
VAHERLS700B,,,
2910224503,,,
2311400000,,,
IPNUXDM7X,,,
SY-1,,,
VAGATGWEEXTREM,,,
0140550514,,,
IPCLSOKTOA,,,
0373202511,,,
VANUXNFB2,,,
0378203500,,,
0970115021,,,
0140550565,,,
VAMEIMTB,,,
0140512515,,,
0140480565,,,
1000267,,,
0374005501,,,
2910238503,,,
ICBLSAMPLUGFLB,,,
KS118,,,
VAHERDS431B,,,
SV200X4,,,
XARRAYADVANCE,,,
2828,,,
0378253506,,,
RAMEISTB45LCH,,,
0266621505,,,
0140480518,,,
EXBT025,,,
04526,,,
2919804557,,,
RAFISPRONEOD01,,,
RADIMGG1600N,,,
0971752088,,,
0119172712,,,
SP-15,,,
KL-10,,,
0970120021,,,
2506217517,,,
0370125505,,,
VAHERGS415BPLU,,,
0370125557,,,
IPMEICC14DAH,,,
0266020560,,,
0140512506,,,
0378283529,,,
0140470551,,,
2807250530,,,
0374070521,,,
0990818108,,,
0140512518,,,
2910121527,,,
0971792022,,,
EXBT075,,,
PGA81-XLR,,,
2507210506,,,
0140542545,,,
0378200502,,,
0973133534,,,
0140550518,,,
0973113534,,,
0140542531,,,
0370121506,,,
0266821506,,,
0370451544,,,
0374550506,,,
0266620571,,,
SP15 ADVANCE,,,
RADIMEP1115,,,
ISSCCOMENEXT6FBCR,,,
0370230536,,,
60-752,,,
0373302555,,,
0119172796,,,
ZH1N,,,
0378601566,,,
0140530515,,,
2807205570,,,
2807250505,,,
0378002505,,,
2916902568,,,
PA600,,,
VAGRTGR96082,,,
MS-203E,,,
IPMEIBCS141618,,,
0370240533,,,
2916901577,,,
7.50223E+12,,,
0374010502,,,
EXBT069,,,
TOUCHMIX-16,,,
ZL8,,,
0971252035,,,
0140552529,,,
IPMEIHCS18CR,,,
0140542506,,,
2910134503,,,
VSP18,,,
2910132568,,,
0373203506,,,
7.50223E+12,,,
MC760L-4/4,,,
2817000537,,,
0970710121,,,
7.50223E+12,,,
0378401500,,,
VAHERDS460B,,,
0373252580,,,
IANUXMG30,,,
VASKB1SKBR2U,,,
0374540521,,,
0378152547,,,
VAHERGS432BPLU,,,
0991447406,,,
0374020521,,,
0378000500,,,
7.50223E+12,,,
E-X30,,,
VASKB1SKB61,,,
VAHERDS580B,,,
0374024592,,,
0378651500,,,
EK50,,,
2310600000,,,
0970264321,,,
0140540500,,,
ORI20C,,,
44-354,,,
XDJ-AZ,,,
0374050500,,,
0370590509,,,
2919004586,,,
0990810276,,,
2910136568,,,
VAHERBS050B,,,
1604,,,
0970150032,,,
2910124520,,,
2918804587,,,
VAHERDS590B,,,
CM311 AESH - W/TA4F,,,
2831,,,
IPMEIHCS14CH,,,
0370127554,,,
2807250583,,,
VAHERDS533BB,,,
0374020501,,,
0199121712,,,
VAHERDS440B,,,
0970153021,,,
0378250569,,,
RAVICP7AT4PK,,,
2314000000,,,
AMVL001BK,,,
0378153539,,,
2910148580,,,
2910122576,,,
0140552558,,,
0378280538,,,
0370335533,,,
2910124527,,,
IPMEIMHT13BK,,,
0378180500,,,
EXBT047,,,
EXBT066,,,
0378603506,,,
0373451558,,,
0378553505,,,
0374030501,,,
0266441506,,,
0373702555,,,
0971210732,,,
EXBT061,,,
2918809585,,,
ISSCCMODELTSE5,,,
0140580500,,,
2918809587,,,
2910137568,,,
0378601569,,,
2910121557,,,
VAMEICAJKIT,,,
U-23-TRIBAL-SP,,,
RAHERMH101B,,,
IPNEWNBMP9USB,,,
2711000535,,,
2918824557,,,
CDJ-3000,,,
55-166,,,
2910112503,,,
DDJ-200,,,
0974000506,,,
CNSX007,,,
IPMEIMDST8BK,,,
0374067521,,,
0140540525,,,
3012GP,,,
2910114568,,,
0991512456,,,
0970710103,,,
VAHERDS543BB,,,
VAHERDS432B,,,
0970183006,,,
0970110006,,,
IPNEWNBEDK2USB,,,
0140532518,,,
0973113506,,,
0140510551,,,
0140550515,,,
0140510515,,,
DDJ-REV1 N,,,
0373902526,,,
0970160521,,,
0373150517,,,
2817050597,,,
ISSCCSTILCSTM6NAT,,,
2918804585,,,
0970213332,,,
2517110533,,,
VECTOR 15,,,
IPMEIHCS12S,,,
0373151526,,,
0140512531,,,
0990510156,,,
SP-12,,,
IPMEIBCS18CR,,,
0266220505,,,
0970722505,,,
VAHERDS538B,,,
0990810119,,,
2910211586,,,
0140540501,,,
0378203550,,,
VAHERDS520B,,,
IPMEIHDJ17M,,,
0370481523,,,
0199102712,,,
DSM14065,,,
CNTP004,,,
0373652558,,,
DDJ-GRV6,,,
IPMEIHCS10S,,,
EXBT077,,,
0990650156,,,
2507190548,,,
2910113576,,,
EXBT026,,,
0373802511,,,
2507210546,,,
OMNIS-DUO,,,
IPMEISCP100WN,,,
VANUXNDS2,,,
CQ-12T,,,
2814304531,,,
EXBT067,,,
0373701526,,,
0378551569,,,
IPHEAHB50FSG,,,
2817050568,,,
CVE-18S-NA,,,
2807250560,,,
0990823060,,,
55-470,,,
U-23-VIO-Q-BK,,,
0990694206,,,
RADIMDP266F,,,
DDJ-XP2,,,
0140540565,,,
0973113542,,,
55-458,,,
0373452506,,,
EXBT072,,,
0971210521,,,
2310700000,,,
7.50223E+12,,,
0140510565,,,
0371225544,,,
VAHERGS301B,,,
0378051566,,,
0970743521,,,
7.50223E+12,,,
2919004503,,,
0379700549,,,
0971443032,,,
2507210502,,,
001959,,,
0266021550,,,
RADADEPBB1705,,,
0370121554,,,
0374520506,,,
CVE-12-NA,,,
0970110221,,,
2376100000,,,
2509310506,,,
IPMEIHCS12CH,,,
VAHERDSP57WB,,,
IPMEIHCS12TRS,,,
SRH440A,,,
0370123506,,,
IPNUXDM8,,,
0990823048,,,
2910211587,,,
0266640506,,,
0140472506,,,
2817000520,,,
2910121500,,,
0371225523,,,
0373900506,,,
IPMEIHCS18TRC,,,
IPMEIHCS16C,,,
0140470515,,,
0970293321,,,
2816939505,,,
2910248568,,,
0140472565,,,
0379102970,,,
980144,,,
2910146572,,,
0970150406,,,
0373152503,,,
2910211585,,,
CNMT002,,,
IANUXMG300,,,
ORI50H,,,
8002271,,,
0373301506,,,
DDJ-SR2,,,
0990823050,,,
0374540506,,,
GO-88P,,,
2918809592,,,
0373551517,,,
44-381,,,
ORI20H,,,
0373250558,,,
PLX-1000,,,
2509310521,,,
1606,,,
0140480500,,,
IVRYBTR101E,,,
0373453550,,,
0990823054,,,
0266240560,,,
X-ARRAY 18,,,
VAHERDS513BB,,,
IPMEIHCS16TRS,,,
KROSS261,,,
55-466,,,
2910339590,,,
0373450526,,,
2817050546,,,
1616,,,
0370491506,,,
2816939549,,,
2912223503,,,
0140510501,,,
0990810108,,,
0373800506,,,
2919004576,,,
2516319593,,,
0140482515,,,
0378271505,,,
2910127577,,,
PM-100,,,
IPMEITBR06ABSGRN,,,
2817000546,,,
0374550521,,,
0140550531,,,
0140550501,,,
0371720003,,,
0970722503,,,
ISOSCOD312CESM,,,
0140552550,,,
RAHERUSP10WB,,,
2910134576,,,
IPMEIBPP1,,,
0372820002,,,
0140480561,,,
IPMEIFWB100,,,
IPMEIHCS14TRS,,,
2910238552,,,
EXBT071,,,
0970743503,,,
0970713503,,,
02808,,,
2910112527,,,
2910339585,,,
0140482558,,,
VAHERGS200B,,,
0140540558,,,
0971610504,,,
0970264306,,,
0990818156,,,
IPHEAHB50IYW,,,
0970213322,,,
MS-201E,,,
GO-88PX,,,
0378700585,,,
MS-2C,,,
2919004527,,,
80-333,,,
BLX24R/B58-J11,,,
0374540500,,,
0119141712,,,
44-380,,,
3102283,,,
IPMEIHCS14C,,,
IPHEAHB50FOP,,,
2910121503,,,
0374530504,,,
0373553580,,,
0140512561,,,
DDJ-REV1,,,
0373152506,,,
2517110519,,,
0372981006,,,
0971113221,,,
0140470558,,,
CNAC049,,,
CNAC050,,,
C3012FAW,,,
C3012W,,,
C3012FAC,,,
C3012Z,,,
C3012FAB,,,
CNTP004,,,
C3012FAG,,,
C3412FAA,,,
C3412FAB,,,
C3412FAW,,,
C3012N,,,
C3012RP,,,
C3412FAN,,,
C3012FAGP,,,
CNMT002,,,
CNSX007,,,
C3012B,,,
CNAC053,,,
CNAC048,,,
C3012FARP,,,
C3012G,,,
C3012FAZ,,,
C3012GP,,,
C3012FANP,,,
0374524541,,,
2376000000,,,
0970150032,,,
2517190548,,,
2274100982,,,
2370600000,,,
0190152807,,,
0199122796,,,
0373802511,,,
2275300000,,,
0266440571,,,
2330914900,,,
2910121500,,,
2910147586,,,
2711200535,,,
0374520506,,,
0373202511,,,
2919924557,,,
2919804557,,,
0118220857,,,
2275200010,,,
0374550506,,,
0373453550,,,
2516125512,,,
0379900006,,,
0378213550,,,
0140580500,,,
0970452164,,,
2311000000,,,
0378152547,,,
2314000000,,,
0374027529,,,
2814102588,,,
2751031506,,,
0371720006,,,
0115600704,,,
0374020501,,,
2313700000,,,
0114940322,,,
0374023506,,,
0974200721,,,
2919097557,,,
2817100533,,,
2910238503,,,
0370127506,,,
2817050568,,,
2918809587,,,
7730013000,,,
0110280872,,,
2919021527,,,
0990362920,,,
2506115571,,,
0140482506,,,
2314200000,,,
0117472725,,,
2313000000,,,
0114970350,,,
2912049500,,,
2311200000,,,
0991829004,,,
0971713116,,,
0374530504,,,
0378503506,,,
0730060423,,,
0373152503,,,
0974000521,,,
2311400000,,,
0971722106,,,
0119182796,,,
2380100000,,,
0992188001,,,
0177042850,,,
0970722540,,,
0378553505,,,
0996107306,,,
0378402594,,,
0118212800,,,
0970213321,,,
0378753565,,,
7730017000,,,
0374590521,,,
0379630503,,,
0992186002,,,
0113942763,,,
0379610549,,,
2508200546,,,
0193970706,,,
0110250840,,,
2274200982,,,
0970193021,,,
2274914000,,,
2910135539,,,
0110232806,,,
2816939560,,,
2517110598,,,
2817020568,,,
0990462920,,,
0373900506,,,
0990689029,,,
2311500000,,,
0147482360,,,
2807200525,,,
2508300561,,,
0140570518,,,
0970513502,,,
2509876539,,,
2911147522,,,
0266040500,,,
0110332806,,,
0970113022,,,
2310700000,,,
2918804587,,,
2274200000,,,
2711230511,,,
0110312850,,,
0374090557,,,
0373302555,,,
0147522300,,,
2910127568,,,
0974200521,,,
0234579000,,,
0994960921,,,
2311614000,,,
0379700503,,,
2911138522,,,
0118242850,,,
0378271505,,,
2913334568,,,
0374510505,,,
0992162000,,,
0970110022,,,
0970718521,,,
2507813574,,,
0373652558,,,
2514101530,,,
2275200000,,,
0374580506,,,
0266640506,,,
0377045529,,,
2805001800,,,
0378671565,,,
7730018000,,,
0374531500,,,
0374067521,,,
0970183021,,,
2506217517,,,
0140470515,,,
7730011000,,,
2910134576,,,
0973000121,,,
0737250408,,,
2751035506,,,
0110312880,,,
0990571133,,,
0198630374,,,
0140552558,,,
0370125557,,,
2911122503,,,
2910137568,,,
2919004510,,,
7730015000,,,
0737350406,,,
2376100000,,,
0974220521,,,
0970153006,,,
0140460518,,,
0970213322,,,
2910121552,,,
2916013503,,,
0970450521,,,
2910147557,,,
0970533500,,,
2508310506,,,
2807250519,,,
0970293321,,,
0021956649,,,
2918824557,,,
0147422300,,,
2514103526,,,
0973113506,,,
0971610504,,,
0374042506,,,
0730050402,,,
0992187001,,,
0374500501,,,
2916912576,,,
2509700546,,,
0970253332,,,
0113980761,,,
2516227567,,,
0147450399,,,
0373701526,,,
0970160506,,,
0974250500,,,
2910113576,,,
2910112503,,,
0970743521,,,
0970110221,,,
2274500000,,,
0239965000,,,
2370200000,,,
0374043546,,,
0372873206,,,
2507190505,,,
0199102712,,,
0374040500,,,
0266840500,,,
0991829003,,,
2314500000,,,
2910126557,,,
0374545506,,,
2370400000,,,
2914527503,,,
0371060541,,,
0113960755,,,
0990573029,,,
0378180500,,,
0374070521,,,
0199111790,,,
0970113006,,,
0147490399,,,
2910059576,,,
0377050502,,,
0378703505,,,
0378452547,,,
0996100506,,,
0373551517,,,
2314400000,,,
7731618000,,,
2919091598,,,
0378200502,,,
2910146572,,,
2507210546,,,
0992419000,,,
2918804585,,,
0199132733,,,
2711030511,,,
0374030550,,,
0992418000,,,
2919016554,,,
0140540565,,,
2802701899,,,
0234580000,,,
0974200421,,,
2910132568,,,
0140590506,,,
0147430335,,,
2514102590,,,
0372820002,,,
2910049503,,,
0193992718,,,
0113930700,,,
2508210585,,,
0114990384,,,
0374083505,,,
0198652375,,,
2814104589,,,
0990702229,,,
0113972718,,,
2915556568,,,
0110242807,,,
0147413387,,,
2807205552,,,
0973133542,,,
0377035507,,,
2910124572,,,
0190160805,,,
2274300000,,,
2311314000,,,
0374008557,,,
2516319593,,,
2914507503,,,
2518220533,,,
2919093591,,,
0110340846,,,
2916901592,,,
0970452137,,,
0996106333,,,
0970115021,,,
0378002506,,,
0970583500,,,
0992189001,,,
0374048502,,,
2270100000,,,
0994940921,,,
0970120021,,,
0113910719,,,
0266240560,,,
2919904516,,,
0193962719,,,
2275100000,,,
0974010521,,,
2509310521,,,
2910124595,,,
0379600554,,,
2910339585,,,
0374543508,,,
0378651500,,,
2231500000,,,
0193980761,,,
7730012000,,,
0379800006,,,
0119151712,,,
0378283529,,,
2274100000,,,
2777714502,,,
2814304531,,,
2270900000,,,
2231300000,,,
0140512545,,,
0378602500,,,
0119171733,,,
0119142796,,,
2274400000,,,
0198640384,,,
0114980375,,,
0374035550,,,
0373162506,,,
0971757022,,,
0194000700,,,
0372980000,,,
2916911555,,,
2314314000,,,
2515103524,,,
0970792134,,,
0110392834,,,
0110270834,,,
2817000520,,,
2919005521,,,
2919926576,,,
0374005501,,,
0193930700,,,
2231200030,,,
0374010502,,,
0970523557,,,
0970783164,,,
2910114568,,,
2919023585,,,
7730016000,,,
8151900000,,,
2311100000,,,
0114962374,,,
0970264306,,,
2910238552,,,
0119161790,,,
0113900755,,,
2711130511,,,
0379670549,,,
0377105546,,,
0110380838,,,
0114952379,,,
2370100000,,,
0970713521,,,
0373250558,,,
2231300000,,,
QU-7,,,
PH186,,,
SV200,,,
SV100,,,
GC40BL/02,,,
0239978005,,,
AMVL001,,,
0730070402,,,
981763,,,
AMVL006,,,
AMVL002,,,
