offer-sku,quantity,warehouse-code,update-delete
SGC12NT-LH,0
CVC4NW,0
GTRBX304MGR,0
BYAS26,3
CDHR12M,0
CDBR10,4
BYTR-4335GSII,0
GTRBX605FMAM,0
GTRBX604FMNS,0
GPAC112JRM,0
SPSRE373SET,0
CHS5W,4
U-BASS,0
U-23-KOA-Q,0
U-26-KOA,0
GA-38-KOA,0
U-21-BK,1
U-23-TIERRA,0
U-23-BK,0
GA-38-ROCK&ROSES,0
U-23-SOLIDCEDAR,0
U-23-VIO-SB,0
U-23-KOA,0
U-21-LGN,0
ANSIC600W,5
ANSIC400W,8
CDXR10MKII,0
GPAC112JBL,0
CHS7,2
CDHR15,0
ANSAW150W,0
GPAC112JYNS,0
CMG-16XU,0
SPSRE273SET,0
BYTR3335S,0
U-23-AGUA,0
U-23-BURNINGSUNRISE-S,0
U-26-VIO-BK,0
U-26-SAPELE-Q,0
U-23-SUMMERVIBES-S,0
GC-39-LBL,0
U-23-FAIRY,0
U-21-LOTUS,0
U-26-SOLIDCEDAR,0
U-23-BLOSSOM-SB,0
U-21-JADE,0
U-21-WAVE,0
GUITARLELE,0
IABEHBC1500,0
RABEHPSUSB,0
IABEH1202FX,0
IAEVOEKX12P,0
IAEVOEKX15SP,0
IAEVOELX20012P,0
IAEVOELX20018S,0
JCS660A,0
CHS8,0
VABEHBB560M,0
VABEHBH770,0
VABEHHPX2000,0
IABEHSX2442FX,0
IABEHPM1,6
IAEVOEKX15P,0
IAEVOELX20010P,0
3012W1HG,0
3012FAW2HG,0
3412B,0
25K16BR,0
GA-41-MAHOGANY,0
3012FAGP,0
3012FAR2HG,0
U-21-LPK,0
U-23-PRANA,0
U-23-ROSES,0
U-23-BLOSSOM-BL,0
U-26-KOA-Q,0
GC-36-WORLD,0
U-23-ANDES-S,0
U-23-BAMBOO-Q,0
GC-39-PRO-SLIM-Q,0
GA-34-INDI,0
U-21-ORG,0
U-23-FUEGO,0
U-23-TRIBAL,0
U-26-SAPELE,0
GC-36-CARAMELL,0
U-23-INDIE-S,0
3412FAW,0
U-23-SOULMANDALA-S,0
U-23-LATIN-S,0
GA-40-BK-Q,0
U-23-BAMBOO,0
U-21-GALACTICA,2
U-23-VIO-BK,0
U-23-AIRE,0
U-23-LGN,0
GC-39-STAGE-Q,0
U-21-BOHO,0
U-23-BAHIABRAVA,0
U-26-BAMBOO-Q,0
U-23-VINT-S,0
GA-4021-NA-Q,0
GC-39-NAT-Q-AR,2
IABEHUMC404HD,0
IABEHXR18,37
U-23-SAPELE,0
3012RP,0
3012FAW,1
IABEHXY1202SFX,0
U-23-SAPELE-Q,0
CMG-10XU,0
GC-36-INDI,0
VABEHHC2000,0
GA-40-SB-Q-AR,0
3012W,0
IABEHKM1700,3
IABEHF1220D,3
CMG-06X/M,0
22K8BSN,0
KLES49MK3W,0
IABEH1204USB,0
MINIFUSE2B,0
IABEHPK115A,3
2330800000,0
GA-40-NAT-Q-AR,0
IABEHX1222USB,0
KL61MK3W,0
3012N2HG,0
SGC12SB,0
970150021,0
MINIFUSE1W,0
2311100000,116
GA-38-MAHO-Q,0
3012FAZ,0
CDXR12MKII,0
GA-38-KOA-Q,0
GEN-11SET,0
SGC12BLSB,0
SGG12NTA,0
CMG-12XU,0
SGC12RDSB,0
IABEHDR115DSP,37
3012FANP,0
CMG-10,0
3012FAV,2
971210506,0
IABEHXENYX502S,0
3012FABHG,2
KLES61MK3B,0
IABEHXR12,0
970150422,0
3012N1HG,0
3012FARP,0
970110206,0
3412FNHG,0
IABEHX2222USB,0
2330714900,0
3012FAB,3
2313700000,0
KEYSTEP,0
CHS5,0
2370100000,0
IABEHPK112A,1
IABEHX1204USB,0
2330200000,0
3012FAA,0
3412FAWHG,0
CDXS15MKII,0
CVC6W,0
IABEHPMP2000D,6
U-30 SAPELE Q,0
970150022,0
ANSAW390W,7
ITCASCTS100,0
IAEVOEVERSE8,0
3012N3HG,1
970160506,0
971210706,0
MICROLABMK3BK,0
3012FAC,2
970213321,0
IAEVOZLX12PG2,5
3012FAR1HG,3
SGC12BK,0
3012FAN,0
3012FAAP,3
MINILAB3DB,0
970110421,0
CN-10,0
KLES61MK3,0
MINIFRECPA,0
U-21-KAILUA,2
GA-4012-MAHOGANY-BK-Q,2
971910021,0
IABEHB2PRO,0
IABEHB115D,0
SPSRE383SET,0
U-23-ORG,0
U-23-PATAGONIA-S,0
SPSRE463SPA,0
KLES88MK3W,0
U-21-MAHOGANY,0
GC-36-LOTUSMANDALA,0
3012A,0
3012FNHG,0
MINILAB3,1
SGG12BKA,0
3412FAA,0
CMG-20XU,7
MINIFUSE4W,0
IAEVOETX35P,0
3012FRHG,0
3412FAR,2
IABEHXR16,0
3012AHG,1
U-21-CARAMELLE,0
U-21-NEWHOPE,0
3012Z,0
CDXR15MKII,0
GC-39-CORAL,0
CPX5,0
GA-4012-KOA-Q,0
SGD20ECA,0
2370400000,2
GA-38-MAHO,0
IAEVOELX20015P,3
3012FAN1HG,1
GAPX600BL,0
CAG03MK2BLSPK,0
3012AP,0
2370500000,14
U-21-RETRO,0
GA-4012-BK-Q,0
IABEHDR18SUB,0
3412FAAHG,1
CAG01B,0
U-26-BAMBOO,0
CDBR15,0
MINIFUSE2W,0
SGC12NT,2
3412FAN,0
CDZR12,0
SGC12WH,9
KEYSTEP37,0
SGC12NTA,1
KLES88MK3B,0
SGC12WR,0
3012FAG,6
3012FAR,4
U-21-AURORA,4
MINILAB3BK,0
GCX40/02,77
SGC12BKA,0
KL49MK3W,0
KEYSTEP37B,0
GC-39-NAT,0
IABEHXM1800S,0
VABEHBH470U,0
MINIFREPAB,0
MINIFUSE4B,0
971913021,0
3012FAN2HG,2
CDHR10,0
2370600000,2
GA-40-MAHOGANY-Q,0
2311000000,12
MINIFUSE1B,0
KLES49MK3B,0
GTRBX304W,0
GC-39-KOA-SLIM-Q,0
IABEHDR112DSP,0
GC-39-BK,0
370121556,0
IPMEIBCS141620,0
VAHERSS200BB,22
266220571,0
IPMEIPTOPCAJ4M,0
140552500,0
370451536,0
1615,0
2910136576,0
ITCASSA51,0
378180583,0
370235523,0
2270900000,0
970120032,0
2817000561,0
2807205552,0
2910112552,0
PH186R,9
990810176,0
2919004520,0
378553506,0
970113022,0
378551502,0
IPMEITBR06ABSRED,0
7502230000000,0
VAHERDS571BB,0
370240568,0
2910124595,0
970110021,0
NOVA 215,0
ZED-10_2 FX,0
3220049,0
EXBT065,0
2910231582,0
RAHERMH100B,2
378503506,0
2910124572,0
IPHEAHB50BK,0
PA700,0
373652503,0
378402594,0
VAHERFS100B,3
2519010547,0
ICBLSFLYBASSPK,0
55-468,45
2270100000,0
2910124568,0
50-353,0
PGA31-TQG,13
2910147522,0
140542561,0
2910121576,1
SM58-LC,0
970713521,0
MC-57,0
970110022,0
44-KIT-CM INDIGO 60,0
VAHERDS530BB,0
IPMEIHCS18C,0
7502230000000,0
2330700000,0
140480551,0
2076,0
2918824585,0
2517110597,0
970713502,0
7502230000000,0
EXBT078,0
140512545,0
378200505,0
110312850,0
IANUXMG400,6
266840500,0
SM35-TQG,0
378272500,0
378051505,0
KTN-100 3,17
140482506,0
55-161X3,0
EXBT063,0
GEA-439BK,5
374030550,0
973133542,0
SP-18,0
EXMT003,0
140510500,0
971610706,0
2910147586,0
1100468,0
2311500000,27
266820560,0
2314200000,0
140472518,0
IPMEIMDST10BK,0
2910135539,0
IPHEAHB50UGY,0
ORI212A,0
IPGRTBH5510BK,0
2910121552,1
RADIMEP1101,0
970113021,0
EXBT074,0
140510525,0
IANUXMG101,0
378602500,0
1605,0
IPMEIBCS18C,3
378003502,0
ISSCCDEMON7FRC,0
970153006,0
EXBT024,0
971343064,0
55-477,0
373902503,0
2910134539,0
378002506,0
370350536,0
2517110598,0
7502230000000,0
VAHERGS401BB,0
EXBT073,0
2311200000,0
VAHERGS414BPLU,1
ISSCCSTILSTE5,0
266040505,0
GN15CE NAT,0
970253332,0
378213550,0
140510558,0
2370300000,15
2370900000,0
IPMEITBR06ABSBLK,0
JUNO-D8,0
EK50CSA,0
373802580,0
970722521,0
266641500,0
971252021,0
2915556568,0
266040500,0
370125504,0
2918804592,0
PLX-500 K,0
2910147557,0
2911122503,0
IPGRTBH5512BK,0
378652505,0
973133506,0
140542518,0
RAEVABD22EMAD2,4
2919904520,0
374023506,0
PR07029,1
374090557,0
7502230000000,0
IPMEIMTT1415BK,0
IPMEIBCS16C,3
2910238576,0
2919004585,0
VANUXNMP2,0
140552506,0
2370200000,17
373162506,0
140530500,0
378671565,0
374520592,0
370461568,0
2910127568,0
IPMEICC16STK,0
PR07642,0
119171733,0
EXBT064,0
370230506,0
2910224577,0
EXBT079,0
970183021,0
2910224568,0
990910021,0
VAHERMS432B,0
970110232,0
ORI412A,0
199101776,0
2919924503,0
370127506,0
140472561,0
VAMEITMCP,0
EXBT062,0
2418,3
VAVICSIH2,0
2913334568,0
140470500,0
ISWASAG70CE,0
140540515,0
2372000000,0
7502230000000,0
VAHERLS700B,0
2910224503,0
2311400000,0
IPNUXDM7X,0
SY-1,0
VAGATGWEEXTREM,2
140550514,0
IPCLSOKTOA,0
373202511,0
VANUXNFB2,0
378203500,0
970115021,0
140550565,0
VAMEIMTB,0
140512515,0
140480565,0
1000267,0
374005501,0
2910238503,0
ICBLSAMPLUGFLB,0
KS118,0
VAHERDS431B,0
SV200X4,14
XARRAYADVANCE,0
2828,0
378253506,0
RAMEISTB45LCH,0
266621505,0
140480518,0
EXBT025,0
4526,0
2919804557,0
RAFISPRONEOD01,1
RADIMGG1600N,0
971752088,0
119172712,0
SP-15,0
KL-10,0
970120021,0
2506217517,0
370125505,0
VAHERGS415BPLU,2
370125557,0
IPMEICC14DAH,0
266020560,0
140512506,0
378283529,0
140470551,0
2807250530,0
374070521,0
990818108,0
140512518,0
2910121527,4
971792022,0
EXBT075,0
PGA81-XLR,0
2507210506,0
140542545,0
378200502,0
973133534,0
140550518,0
973113534,0
140542531,0
370121506,0
266821506,0
370451544,0
374550506,0
266620571,0
SP15 ADVANCE,9
RADIMEP1115,0
ISSCCOMENEXT6FBCR,0
370230536,0
60-752,0
373302555,0
119172796,0
ZH1N,0
378601566,0
140530515,0
2807205570,0
2807250505,0
378002505,0
2916902568,0
PA600,0
VAGRTGR96082,0
MS-203E,18
IPMEIBCS141618,0
370240533,0
2916901577,0
7502230000000,0
374010502,0
EXBT069,0
TOUCHMIX-16,1
ZL8,0
971252035,0
140552529,0
IPMEIHCS18CR,0
140542506,0
2910134503,0
VSP18,0
2910132568,8
373203506,0
7502230000000,0
MC760L-4/4,1
2817000537,0
970710121,0
7502230000000,0
378401500,0
VAHERDS460B,0
373252580,0
IANUXMG30,8
VASKB1SKBR2U,0
374540521,0
378152547,0
VAHERGS432BPLU,1
991447406,0
374020521,0
378000500,0
7502230000000,0
E-X30,23
VASKB1SKB61,0
VAHERDS580B,3
374024592,0
378651500,0
EK50,0
2310600000,0
970264321,0
140540500,0
ORI20C,0
44-354,0
XDJ-AZ,0
374050500,0
370590509,0
2919004586,0
990810276,0
2910136568,0
VAHERBS050B,3
1604,0
970150032,0
2910124520,0
2918804587,0
VAHERDS590B,0
CM311 AESH - W/TA4F,0
2831,0
IPMEIHCS14CH,2
370127554,0
2807250583,0
VAHERDS533BB,0
374020501,0
199121712,0
VAHERDS440B,0
970153021,0
378250569,0
RAVICP7AT4PK,0
2314000000,0
AMVL001BK,9
378153539,0
2910148580,0
2910122576,2
140552558,0
378280538,0
370335533,0
2910124527,0
IPMEIMHT13BK,0
378180500,0
EXBT047,0
EXBT066,0
378603506,0
373451558,0
378553505,0
374030501,0
266441506,0
373702555,0
971210732,0
EXBT061,0
2918809585,0
ISSCCMODELTSE5,0
140580500,0
2918809587,0
2910137568,0
378601569,0
2910121557,0
VAMEICAJKIT,0
U-23-TRIBAL-SP,0
RAHERMH101B,0
IPNEWNBMP9USB,0
2711000535,0
2918824557,0
CDJ-3000,0
55-166,0
2910112503,0
DDJ-200,0
974000506,0
CNSX007,1
IPMEIMDST8BK,0
374067521,0
140540525,0
3012GP,0
2910114568,0
991512456,0
970710103,0
VAHERDS543BB,0
VAHERDS432B,0
970183006,0
970110006,0
IPNEWNBEDK2USB,0
140532518,0
973113506,0
140510551,0
140550515,0
140510515,0
DDJ-REV1 N,0
373902526,0
970160521,0
373150517,0
2817050597,0
ISSCCSTILCSTM6NAT,0
2918804585,0
970213332,0
2517110533,0
VECTOR 15,5
IPMEIHCS12S,1
373151526,0
140512531,0
990510156,0
SP-12,1
IPMEIBCS18CR,0
266220505,0
970722505,0
VAHERDS538B,0
990810119,0
2910211586,0
140540501,0
378203550,0
VAHERDS520B,0
IPMEIHDJ17M,0
370481523,0
199102712,0
DSM14065,0
CNTP004,3
373652558,0
DDJ-GRV6,0
IPMEIHCS10S,0
EXBT077,0
990650156,0
2507190548,0
2910113576,0
EXBT026,0
373802511,0
2507210546,0
OMNIS-DUO,0
IPMEISCP100WN,0
VANUXNDS2,0
CQ-12T,0
2814304531,0
EXBT067,0
373701526,0
378551569,0
IPHEAHB50FSG,0
2817050568,0
CVE-18S-NA,1
2807250560,0
990823060,0
55-470,43
U-23-VIO-Q-BK,0
990694206,0
RADIMDP266F,0
DDJ-XP2,0
140540565,0
973113542,0
55-458,0
373452506,0
EXBT072,0
971210521,0
2310700000,1
7502230000000,0
140510565,0
371225544,0
VAHERGS301B,8
378051566,0
970743521,0
7502230000000,0
2919004503,0
379700549,0
971443032,0
2507210502,0
1959,0
266021550,0
RADADEPBB1705,0
370121554,0
374520506,0
CVE-12-NA,2
970110221,0
2376100000,2
2509310506,0
IPMEIHCS12CH,4
VAHERDSP57WB,0
IPMEIHCS12TRS,0
SRH440A,1
370123506,0
IPNUXDM8,0
990823048,0
2910211587,0
266640506,0
140472506,0
2817000520,0
2910121500,26
371225523,0
373900506,0
IPMEIHCS18TRC,0
IPMEIHCS16C,3
140470515,0
970293321,0
2816939505,0
2910248568,0
140472565,0
379102970,0
980144,0
2910146572,0
970150406,0
373152503,0
2910211585,0
CNMT002,3
IANUXMG300,0
ORI50H,0
8002271,4
373301506,0
DDJ-SR2,0
990823050,0
374540506,0
GO-88P,0
2918809592,0
373551517,0
44-381,0
ORI20H,0
373250558,0
PLX-1000,0
2509310521,0
1606,0
140480500,0
IVRYBTR101E,0
373453550,0
990823054,0
266240560,0
X-ARRAY 18,3
VAHERDS513BB,0
IPMEIHCS16TRS,0
KROSS261,0
55-466,0
2910339590,0
373450526,0
2817050546,0
1616,0
370491506,0
2816939549,0
2912223503,0
140510501,0
990810108,0
373800506,0
2919004576,3
2516319593,0
140482515,0
378271505,0
2910127577,0
PM-100,0
IPMEITBR06ABSGRN,0
2817000546,0
374550521,0
140550531,0
140550501,0
371720003,0
970722503,0
ISOSCOD312CESM,0
140552550,0
RAHERUSP10WB,0
2910134576,0
IPMEIBPP1,0
372820002,0
140480561,0
IPMEIFWB100,0
IPMEIHCS14TRS,0
2910238552,0
EXBT071,0
970743503,0
970713503,0
2808,0
2910112527,0
2910339585,0
140482558,0
VAHERGS200B,0
140540558,0
971610504,0
970264306,0
990818156,0
IPHEAHB50IYW,0
970213322,0
MS-201E,0
GO-88PX,3
378700585,0
MS-2C,0
2919004527,0
80-333,2
BLX24R/B58-J11,0
374540500,0
119141712,0
44-380,0
3102283,5
IPMEIHCS14C,3
IPHEAHB50FOP,0
2910121503,10
374530504,0
373553580,0
140512561,0
DDJ-REV1,6
373152506,0
2517110519,0
372981006,0
971113221,0
140470558,0
CNAC049,0
CNAC050,1
C3012FAW,0
C3012W,0
C3012FAC,0
C3012Z,0
C3012FAB,0
CNTP004,3
C3012FAG,1
C3412FAA,1
C3412FAB,1
C3412FAW,0
C3012N,0
C3012RP,0
C3412FAN,0
C3012FAGP,0
CNMT002,3
CNSX007,1
C3012B,0
CNAC053,0
CNAC048,2
C3012FARP,0
C3012G,0
C3012FAZ,0
C3012GP,0
C3012FANP,0
374524541,0
2376000000,0
970150032,0
2517190548,0
2274100982,0
2370600000,2
190152807,0
199122796,0
373802511,0
2275300000,0
266440571,0
2330914900,16
2910121500,26
2910147586,0
2711200535,0
374520506,0
373202511,0
2919924557,0
2919804557,0
118220857,0
2275200010,0
374550506,0
373453550,0
2516125512,0
379900006,0
378213550,0
140580500,0
970452164,0
2311000000,12
378152547,0
2314000000,0
374027529,0
2814102588,0
2751031506,0
371720006,0
115600704,0
374020501,0
2313700000,0
114940322,0
374023506,0
974200721,0
2919097557,0
2817100533,0
2910238503,0
370127506,0
2817050568,0
2918809587,0
7730013000,0
110280872,0
2919021527,0
990362920,0
2506115571,0
140482506,0
2314200000,0
117472725,0
2313000000,0
114970350,0
2912049500,0
2311200000,0
991829004,0
971713116,0
374530504,0
378503506,0
730060423,0
373152503,0
974000521,0
2311400000,0
971722106,0
119182796,0
2380100000,0
992188001,0
177042850,0
970722540,0
378553505,0
996107306,0
378402594,0
118212800,0
970213321,0
378753565,0
7730017000,0
374590521,0
379630503,0
992186002,0
113942763,0
379610549,0
2508200546,0
193970706,0
110250840,0
2274200982,0
970193021,0
2274914000,0
2910135539,0
110232806,0
2816939560,0
2517110598,0
2817020568,0
990462920,0
373900506,0
990689029,0
2311500000,27
147482360,0
2807200525,0
2508300561,0
140570518,0
970513502,0
2509876539,0
2911147522,0
266040500,0
110332806,0
970113022,0
2310700000,1
2918804587,0
2274200000,0
2711230511,0
110312850,0
374090557,0
373302555,0
147522300,0
2910127568,0
974200521,0
234579000,0
994960921,0
2311614000,0
379700503,0
2911138522,0
118242850,0
378271505,0
2913334568,0
374510505,0
992162000,0
970110022,0
970718521,0
2507813574,0
373652558,0
2514101530,1
2275200000,0
374580506,0
266640506,0
377045529,0
2805001800,0
378671565,0
7730018000,0
374531500,0
374067521,0
970183021,0
2506217517,0
140470515,0
7730011000,0
2910134576,0
973000121,0
737250408,0
2751035506,0
110312880,0
990571133,0
198630374,0
140552558,0
370125557,0
2911122503,0
2910137568,0
2919004510,0
7730015000,0
737350406,0
2376100000,2
974220521,0
970153006,0
140460518,0
970213322,0
2910121552,1
2916013503,0
970450521,0
2910147557,0
970533500,0
2508310506,0
2807250519,0
970293321,0
21956649,0
2918824557,0
147422300,0
2514103526,1
973113506,0
971610504,0
374042506,0
730050402,0
992187001,0
374500501,0
2916912576,0
2509700546,0
970253332,0
113980761,0
2516227567,0
147450399,0
373701526,0
970160506,0
974250500,0
2910113576,0
2910112503,0
970743521,0
970110221,0
2274500000,0
239965000,0
2370200000,17
374043546,0
372873206,0
2507190505,0
199102712,0
374040500,0
266840500,0
991829003,0
2314500000,0
2910126557,0
374545506,0
2370400000,2
2914527503,0
371060541,0
113960755,0
990573029,0
378180500,0
374070521,0
199111790,0
970113006,0
147490399,0
2910059576,1
377050502,0
378703505,0
378452547,0
996100506,0
373551517,0
2314400000,0
7731618000,0
2919091598,0
378200502,0
2910146572,0
2507210546,0
992419000,0
2918804585,0
199132733,0
2711030511,0
374030550,0
992418000,0
2919016554,0
140540565,0
2802701899,0
234580000,0
974200421,0
2910132568,8
140590506,0
147430335,0
2514102590,1
372820002,0
2910049503,0
193992718,0
113930700,0
2508210585,0
114990384,0
374083505,0
198652375,0
2814104589,0
990702229,0
113972718,0
2915556568,0
110242807,0
147413387,0
2807205552,0
973133542,0
377035507,0
2910124572,0
190160805,0
2274300000,0
2311314000,0
374008557,0
2516319593,0
2914507503,0
2518220533,0
2919093591,0
110340846,0
2916901592,0
970452137,0
996106333,0
970115021,0
378002506,0
970583500,0
992189001,0
374048502,0
2270100000,0
994940921,0
970120021,0
113910719,0
266240560,0
2919904516,0
193962719,0
2275100000,0
974010521,0
2509310521,0
2910124595,0
379600554,0
2910339585,0
374543508,0
378651500,0
2231500000,0
193980761,0
7730012000,0
379800006,0
119151712,0
378283529,0
2274100000,0
2777714502,0
2814304531,0
2270900000,0
2231300000,1
140512545,0
378602500,0
119171733,0
119142796,0
2274400000,0
198640384,0
114980375,0
374035550,0
373162506,0
971757022,0
194000700,0
372980000,0
2916911555,0
2314314000,0
2515103524,0
970792134,0
110392834,0
110270834,0
2817000520,0
2919005521,0
2919926576,0
374005501,0
193930700,0
2231200030,0
374010502,0
970523557,0
970783164,0
2910114568,0
2919023585,0
7730016000,0
8151900000,0
2311100000,116
114962374,0
970264306,0
2910238552,0
119161790,0
113900755,0
2711130511,0
379670549,0
377105546,0
110380838,0
114952379,0
2370100000,0
970713521,0
373250558,0
2231300000,1
QU-7,0
PH186,158
SV200,213
SV100,97
GC40BL/02,51
239978005,0
AMVL001,37
730070402,0
981763,29
AMVL006,22
AMVL002,14